{
  "mc_opt_expected supply of the product": {
    "x": 402,
    "y": 270,
    "nx": 279,
    "ny": 300,
    "ts": 1784005776.148903
  },
  "mc_opt_perceived attributes divided b": {
    "x": 402,
    "y": 270,
    "nx": 279,
    "ny": 300,
    "ts": 1784005779.0521338
  }
}